team_name,manager_name,league,pressing_intensity_normalized,possession_control_normalized,counter_attack_focus_normalized,long_ball_reliance_normalized,set_piece_dependency_normalized,defensive_line_height_normalized,squad_rotation_rate_normalized,formation_variability_normalized,attack_tempo_normalized,wing_play_emphasis_normalized,build_up_initiation_normalized,dribbling_propensity_normalized,defensive_aggression_normalized,offensive_width_variation_normalized,xg_differential_normalized,positional_attack_distribution_normalized,pressing_success_rate_normalized,substitution_impact_normalized,game_state_adaptability_normalized,opposition_quality_adjustment_normalized,in_game_tactical_shifts_normalized,set_piece_efficiency_normalized,player_development_impact_normalized,risk_taking_index_normalized
Arsenal,Mikel Arteta,Premier League,-0.3400000000000001,0.1579999999999999,1.4859999999999998,-0.8380000000000001,0.4899999999999997,-0.506,0.988,-0.0080000000000002,-1.17,0.8219999999999996,-0.1739999999999999,-0.6719999999999999,0.3239999999999998,-1.004,2.152200000000001,-2.4426,-1.813,0.6714,2.0818,-2.414,0.0017999999999998,-2.1250000000000004,2.7164,1.4897999999999998
Aston Villa,Unai Emery,Premier League,-0.5099999999999998,1.4370000000000012,1.6290000000000011,2.543,2.7349999999999994,-1.1589999999999998,-0.3179999999999996,0.7880000000000003,1.245,-0.9670000000000004,0.1390000000000011,-1.808,2.0860000000000003,1.894,0.6058000000000001,2.9211000000000005,0.838,-0.6903999999999999,-0.4647999999999999,-0.9335,-1.1647999999999998,3.2425,-2.2054,-0.2978
Bournemouth,Andoni Iraola,Premier League,-0.03,0.5609999999999999,2.1370000000000005,-0.621,0.955,-0.2270000000000001,1.5459999999999998,0.3639999999999999,-1.015,1.3489999999999998,0.1670000000000002,-0.4239999999999999,0.758,-0.8180000000000001,-1.6176,-2.0467,0.9440000000000002,1.6638000000000002,1.6555999999999995,-1.9005,-0.9544,2.1725000000000003,0.4138000000000001,-0.2684000000000001
Brentford,Thomas Frank,Premier League,2.35,-1.3450000000000006,2.135,1.0449999999999997,-0.4750000000000005,1.915,0.8299999999999992,-1.7800000000000002,0.1749999999999998,0.3949999999999996,2.785,1.48,-0.910000000000001,0.6099999999999999,0.4620000000000001,-0.8085,1.0599999999999998,0.7539999999999997,1.1779999999999995,1.3124999999999998,-0.637,-0.8075000000000003,2.664,1.158
Brighton & Hove Albion,Fabian Hürzeler,Premier League,1.7999999999999998,2.9399999999999995,0.9799999999999996,0.6599999999999997,-1.3000000000000007,1.42,-0.1600000000000001,2.56,-0.1,-0.54,2.18,1.04,-1.6800000000000006,0.2799999999999998,0.2259999999999997,2.702,-1.63,1.8070000000000004,1.864,-1.4900000000000002,-0.871,-0.3250000000000002,1.2719999999999998,0.0739999999999999
Chelsea,Enzo Maresca,Premier League,1.85,-1.995,1.0850000000000009,0.6949999999999998,-1.2249999999999996,1.4650000000000003,-0.0699999999999994,2.62,-0.0749999999999999,-0.455,2.2350000000000003,1.08,-1.6100000000000003,0.31,-1.6479999999999997,-0.9485,-1.67,0.0790000000000002,3.308,0.8375000000000001,1.7029999999999998,-0.8125,2.014,0.903
Crystal Palace,Oliver Glasner,Premier League,1.9700000000000009,-0.3389999999999986,1.8370000000000035,-0.7210000000000001,1.4550000000000018,1.0730000000000004,-0.8539999999999992,-1.2359999999999989,2.4850000000000003,-1.7509999999999994,2.867000000000001,0.176000000000001,0.5579999999999998,-1.6179999999999994,-0.4775999999999992,0.3683000000000006,-0.571,1.6288,-0.9693999999999996,-0.3454999999999999,0.6106000000000005,2.807500000000001,2.0388,0.3416000000000001
Everton,David Moyes,Premier League,-0.3700000000000001,0.1189999999999997,1.423,-0.8590000000000002,0.4449999999999998,-0.5330000000000001,0.9339999999999996,-0.0440000000000002,-1.185,0.7709999999999999,-0.207,-0.696,0.2819999999999996,-1.0220000000000002,1.1695999999999998,0.3956999999999998,-1.034,2.6552,-0.3126,-0.1145000000000001,-0.6126,-1.1225,1.7102,-1.7286
Fulham,Marco Silva,Premier League,-1.17,0.5790000000000006,0.2430000000000003,2.0809999999999995,1.745000000000001,-1.753,-1.5060000000000002,-0.0040000000000004,0.915,2.911,-0.5869999999999997,2.6640000000000006,1.161999999999999,1.4979999999999998,1.3736000000000002,-1.0713,-2.079,1.4632,2.3134,-0.6095000000000002,1.9084,-0.1774999999999995,0.1282,1.0424
Ipswich Town,Kieran McKenna,Premier League,2.130000000000001,-0.1309999999999984,2.173000000000002,-0.609,1.6950000000000005,1.2170000000000003,-0.565999999999999,-1.0439999999999987,2.5650000000000004,-1.4789999999999992,-1.956999999999999,0.3040000000000011,0.782,-1.5219999999999994,0.4696000000000005,1.5607000000000002,1.866,-2.5947999999999998,0.1974000000000006,-0.6995,-1.2775999999999996,-1.2925,1.7702000000000009,-0.1685999999999995
Leicester City,Ruud van Nistelrooy,Premier League,0.8399999999999999,-1.808,-0.5360000000000014,-1.5120000000000005,-0.2400000000000002,0.056,2.112,2.4079999999999995,1.92,1.3279999999999994,1.6240000000000006,-0.7279999999999998,-1.024000000000001,2.704,-0.4872000000000002,-0.7274,1.753,-0.8414,0.9031999999999998,-1.871,-0.0318000000000002,0.2999999999999998,-0.5314,-2.0298
Liverpool,Arne Slot,Premier League,-0.6299999999999999,1.2810000000000006,1.377000000000001,2.459,2.555,-1.2669999999999997,-0.5339999999999989,0.6440000000000001,1.185,-1.1709999999999994,0.0070000000000005,-1.904,1.918,1.822,-1.3295999999999997,-0.4706999999999998,0.0089999999999998,-1.3751999999999998,-0.7473999999999998,-1.1255000000000002,0.7225999999999999,2.3525,1.9798,0.0986000000000002
Manchester City,Pep Guardiola,Premier League,0.25,0.9250000000000004,2.7250000000000005,-0.425,1.375,0.0249999999999999,2.05,0.6999999999999997,-0.875,1.825,0.4750000000000001,-0.1999999999999999,1.15,-0.6500000000000001,-1.4449999999999998,1.9975,2.265,-0.6150000000000001,-1.85,-0.4225,-1.9200000000000004,-0.6924999999999999,0.92,0.495
Manchester United,Rúben Amorim,Premier League,-0.1600000000000001,1.892,2.3640000000000008,2.788,-1.7400000000000002,-0.8440000000000003,0.3119999999999994,1.2080000000000002,1.42,-0.3719999999999999,0.524,-1.5279999999999996,2.5759999999999987,2.104,2.9028,0.4175999999999999,-2.022,-0.2214000000000001,-1.5518,2.479,1.7432,-2.26,0.8835999999999998,0.1302000000000002
Newcastle United,Eddie Howe,Premier League,-1.35,-1.1549999999999998,-0.6349999999999998,-1.545,-1.025,-1.415,-0.8299999999999998,-1.22,-1.675,-0.895,-1.285,-1.48,-1.09,-1.61,-0.657,-2.6765,0.4700000000000002,-1.114,0.3820000000000001,-2.2875,1.0269999999999997,-2.5475000000000003,-2.529,-2.648
Nottingham Forest,Nuno Espírito Santo,Premier League,1.58,2.654,0.5180000000000007,0.5059999999999998,-1.63,1.222,-0.556,2.2960000000000003,-0.2099999999999999,-0.9139999999999996,1.9380000000000008,0.8640000000000003,-1.9880000000000004,0.1480000000000001,-0.1164,-0.8588000000000001,-1.589,1.1632,2.8484,-1.4520000000000002,1.5234,1.4549999999999996,-2.2368,1.0224000000000002
Southampton,Simon Rusk,Premier League,2.2300000000000004,-1.5009999999999994,1.883000000000001,0.9610000000000004,-0.6549999999999994,1.8070000000000004,0.6140000000000008,-1.924,0.1150000000000002,0.1910000000000007,2.6530000000000005,1.3840000000000003,-1.0779999999999994,0.5380000000000003,-0.0633999999999997,0.7597000000000002,0.1660000000000003,1.9992000000000003,-1.6446,2.0655,-0.7896,-0.1174999999999997,1.6242,0.2193999999999999
Tottenham Hotspur,Ange Postecoglou,Premier League,0.6299999999999999,1.419,-1.4770000000000003,-0.1590000000000002,1.945,0.367,2.734,1.1559999999999997,-0.685,2.471,0.8930000000000002,0.104,1.6819999999999995,-0.4220000000000001,0.4645999999999997,2.3757,2.1009999999999995,-0.0298000000000001,2.6674,1.8555,2.9323999999999995,-0.7975,-1.2648,-1.3836
West Ham United,Graham Potter,Premier League,0.8399999999999999,1.6919999999999995,-1.0360000000000005,-0.0120000000000002,2.26,0.556,-1.888,1.408,-0.5800000000000001,2.8279999999999994,1.124,0.2719999999999998,1.9759999999999995,-0.296,2.2778,-1.7374000000000005,1.998,1.4036,-1.0067999999999997,-1.5510000000000002,-0.8518,3.03,0.3236000000000002,1.7801999999999996
Wolverhampton Wanderers,Vítor Pereira,Premier League,-1.79,-1.727,-1.559,-1.853,-1.685,-1.811,-1.622,-1.748,-1.895,-1.643,-1.769,-1.832,-1.706,-1.874,-2.2868,-2.2381,-1.848,-0.0115999999999999,-3.0092,1.0585,1.1457999999999997,0.1775,-1.8066,1.4537999999999998
Alavés,Eduardo Coudet,La Liga,1.7100000000000009,-0.6769999999999978,1.291000000000004,-0.9029999999999996,1.0650000000000013,0.8390000000000013,-1.3219999999999974,-1.548,2.3550000000000004,2.8070000000000004,2.5810000000000013,-0.0319999999999991,0.1940000000000008,-1.774,1.0082000000000009,2.2169000000000008,-0.7079999999999999,-1.7415999999999991,-2.0042,0.2935000000000003,-2.4092,-0.2224999999999992,-0.7265999999999992,2.3438000000000008
Almería,Gaizka Garitano,La Liga,1.3900000000000006,-1.0929999999999982,0.6190000000000033,-1.1269999999999998,0.5850000000000009,0.551000000000001,-1.897999999999998,-1.9320000000000004,2.1950000000000003,2.263,2.229000000000001,-0.2879999999999993,-0.2539999999999995,-1.966,2.0188,1.3771000000000009,-0.947,-2.2194,1.0122,0.3515000000000001,0.2371999999999996,-1.2374999999999996,0.7256000000000006,1.0792000000000004
Athletic Club,Ernesto Valverde,La Liga,-1.39,-1.207,-0.7190000000000001,-1.573,-1.085,-1.451,-0.902,-1.268,-1.695,-0.963,-1.329,-1.512,-1.146,-1.634,-1.8238,2.0379000000000005,1.892,0.2494,-2.9122,-0.1515000000000002,-2.3572,-2.0325,-0.6105999999999998,-2.0392
Atlético Madrid,Diego Simeone,La Liga,-1.63,-0.0189999999999992,-0.722999999999999,1.759,1.0549999999999995,2.833,2.6660000000000004,-0.556,0.685,2.129,-1.092999999999999,2.2960000000000003,0.5179999999999998,1.222,-0.6095999999999997,-1.1106999999999998,1.6140000000000003,-1.4201999999999997,0.8326000000000001,-0.6755,-0.0574,0.6624999999999995,1.4848,0.6086000000000003
Barcelona,Hansi Flick,La Liga,-0.2599999999999998,1.7620000000000005,2.1540000000000017,2.718,-1.8900000000000008,-0.9339999999999992,0.1320000000000014,1.0879999999999992,1.37,-0.5419999999999998,0.4140000000000006,-1.6079999999999997,2.436,2.044,1.9808,-0.6364,-1.5670000000000002,2.0546,2.1051999999999995,-1.5659999999999998,-1.1598000000000002,-3.0250000000000004,2.3246000000000007,-1.6027999999999998
Cádiz,Sergio González,La Liga,0.1699999999999999,0.8210000000000002,2.5570000000000004,-0.4810000000000001,1.255,-0.0469999999999999,1.906,0.6039999999999996,-0.915,1.6889999999999996,0.387,-0.264,1.0379999999999998,-0.6980000000000002,-0.4485999999999999,-0.0987000000000001,-1.986,-1.5581999999999998,-0.3584000000000002,0.7444999999999998,2.2966,2.4725,-0.1632000000000001,1.3676
Celta Vigo,Rafael Benítez,La Liga,-1.4500000000000002,0.2149999999999998,-0.3450000000000006,1.885,1.3249999999999993,2.995,2.99,-0.3400000000000007,0.7749999999999999,2.4349999999999987,-0.8949999999999996,2.4400000000000004,0.7699999999999996,1.3299999999999996,-0.3140000000000002,-2.0705,-2.255,-1.293,1.1439999999999997,0.6675,0.4689999999999997,0.2124999999999994,-0.528,0.004
Espanyol,Luis García,La Liga,1.94,-1.878,1.274000000000001,0.758,-1.09,1.5459999999999998,0.0919999999999996,2.728,-0.03,-0.3020000000000005,2.3340000000000005,1.152,-1.484,0.3639999999999999,0.4798000000000003,-0.5784,-1.0870000000000002,-0.5074000000000001,2.7012000000000005,1.629,-0.8887999999999998,-0.695,1.6575999999999995,2.8232
Getafe,José Bordalás,La Liga,-1.73,-1.649,-1.4329999999999998,-1.811,-1.595,-1.757,-1.514,-1.676,-1.865,-1.541,-1.7029999999999998,-1.784,-1.622,-1.838,0.3784,0.7903000000000002,1.044,0.1858000000000001,1.8046,-1.1605,-1.6804,-2.5975,-0.2941999999999998,-1.6944
Girona,Míchel,La Liga,0.0699999999999998,0.6909999999999998,2.3469999999999995,-0.5510000000000002,1.1049999999999995,-0.137,1.726,0.4839999999999995,-0.965,1.5189999999999997,0.2770000000000001,-0.3440000000000001,0.8979999999999997,-0.7580000000000002,1.0294,0.5622999999999999,1.5890000000000002,1.9878,1.7035999999999996,-1.1555,-2.2714,2.3925,2.0278,0.5545999999999998
Granada,Paco López,La Liga,1.75,-0.625,1.375,-0.875,1.125,0.875,-1.25,-1.5,2.375,2.875,2.625,0.0,0.25,-1.75,0.0349999999999998,-0.8174999999999999,0.5449999999999999,-2.1,-1.775,2.2175,-0.3500000000000001,-0.8125,1.7300000000000004,-2.285
Las Palmas,Diego Martínez,La Liga,0.5800000000000001,1.354,-1.582,-0.1940000000000001,1.87,0.322,2.644,1.096,-0.71,2.386,0.8380000000000005,0.064,1.6119999999999997,-0.4519999999999999,-2.3864,-1.0537999999999998,0.9159999999999998,-1.0568,0.3384,-1.727,0.2334,-0.365,-0.3618,-0.2676
Mallorca,Jagoba Arrasate,La Liga,-0.08,1.9960000000000004,2.532,2.8439999999999994,-1.620000000000001,-0.7720000000000002,0.4559999999999995,1.3040000000000005,1.46,-0.2360000000000006,0.6120000000000001,-1.4639999999999995,2.687999999999999,2.152,2.5464,-1.3861999999999997,-2.191,2.4868,-1.6183999999999998,2.627,-1.7333999999999996,0.9549999999999992,2.1668000000000003,-0.6524
Osasuna,Vicente Moreno,La Liga,-0.8899999999999999,-0.5569999999999997,0.3310000000000004,-1.223,-0.3349999999999999,-1.001,-0.0019999999999997,-0.6679999999999999,-1.4449999999999998,-0.1129999999999999,-0.7789999999999997,-1.112,-0.4459999999999999,-1.334,-1.0488,-0.7671,0.2120000000000001,-1.6806,-2.5222,-2.2615,1.1728,0.5225,1.0244,-2.6592
Rayo Vallecano,Francisco Rodríguez,La Liga,0.8399999999999999,-1.808,-0.5360000000000014,-1.5120000000000005,-0.2400000000000002,0.056,2.112,2.4079999999999995,1.92,1.3279999999999994,1.6240000000000006,-0.7279999999999998,-1.024000000000001,2.704,1.9278,0.8926000000000001,-2.322,2.6386,2.2782,2.0089999999999995,3.0631999999999997,1.7199999999999998,0.4735999999999999,0.3801999999999998
Real Betis,Manuel Pellegrini,La Liga,1.2200000000000006,-1.3139999999999985,0.2620000000000004,-1.2459999999999996,0.3300000000000018,0.3980000000000006,2.796000000000001,2.8640000000000008,2.1100000000000003,1.974,2.0420000000000016,-0.4239999999999995,-0.4919999999999991,2.9320000000000004,2.2024000000000004,-2.1892,2.1840000000000006,3.2538000000000005,1.4406000000000003,0.6320000000000001,1.8056000000000003,2.295000000000001,2.2338000000000005,-2.5434
Real Madrid,Carlo Ancelotti,La Liga,2.77,-0.7990000000000004,-1.9830000000000003,1.3389999999999995,0.1549999999999993,2.293,1.5860000000000003,-1.2760000000000007,0.3849999999999998,1.1089999999999982,-1.753,1.816,-0.3220000000000009,0.8619999999999997,0.2483999999999999,-0.3497,-0.901,-1.6642,-1.8004000000000002,0.4044999999999996,-1.4904000000000002,2.5675,1.0308000000000002,-0.0294
Real Sociedad,Imanol Alguacil,La Liga,-1.5300000000000002,0.1109999999999997,-0.5129999999999999,1.829,1.205,2.923,2.846,-0.4360000000000008,0.7349999999999999,2.2989999999999995,-0.9829999999999997,2.3760000000000003,0.6579999999999995,1.2819999999999996,0.7323999999999999,1.5283,2.0090000000000003,1.4988,-0.4094000000000002,-0.2105000000000001,1.550599999999999,2.9125,-0.2062,0.7766
Sevilla,Joaquín Caparrós,La Liga,-1.77,-1.701,-1.517,-1.839,-1.655,-1.793,-1.586,-1.724,-1.885,-1.609,-1.747,-1.816,-1.678,-1.862,2.0466,1.9147,1.7409999999999997,-2.6958,-0.7646000000000002,-1.9345,0.4853999999999998,-0.8875000000000001,-1.1308,0.4894
Valencia,Carlos Corberán,La Liga,0.48,1.2240000000000002,-1.7919999999999998,-0.264,1.7199999999999998,0.2320000000000002,2.4640000000000004,0.976,-0.76,2.216,0.7280000000000002,-0.016,1.472,-0.512,-0.6983999999999999,0.3771999999999998,0.3909999999999999,-0.0357999999999998,-0.2296,-0.0020000000000001,1.9254,0.2299999999999999,-0.2757999999999998,2.3344
Atalanta,Gian Piero Gasperini,Serie A,-1.6399999999999997,-0.0319999999999991,-0.743999999999998,1.7519999999999998,1.040000000000001,2.8240000000000007,2.648000000000001,-0.5679999999999996,0.6800000000000002,2.112,-1.1039999999999992,2.2880000000000003,0.5039999999999996,1.2160000000000002,-0.7887999999999995,-1.9246,-0.243,-0.8405999999999997,1.0728,2.251,-2.3322,1.2050000000000003,1.8194000000000004,0.7908000000000003
Bologna,Vincenzo Italiano,Serie A,1.0699999999999998,1.991,-0.5529999999999999,0.1489999999999995,2.6049999999999995,0.7629999999999999,-1.4740000000000002,1.6839999999999995,-0.4650000000000001,-1.7810000000000006,1.3770000000000002,0.4559999999999999,2.297999999999999,-0.1580000000000001,1.0294,0.7223,2.684,1.6228000000000002,1.3786,1.2145,0.7235999999999997,-0.4375000000000002,1.1877999999999995,2.2796000000000003
Cagliari,Davide Nicola,Serie A,-1.7000000000000002,-0.1100000000000003,-0.8699999999999992,1.7099999999999995,0.9499999999999992,2.77,2.539999999999999,-0.6400000000000006,0.6499999999999999,2.01,-1.17,2.24,0.419999999999999,1.1799999999999995,2.161,-2.533,-2.8100000000000005,1.5719999999999996,-2.0360000000000005,0.6049999999999998,-0.6660000000000004,0.8149999999999995,-1.2630000000000003,2.519
Como,Cesc Fàbregas,Serie A,1.7200000000000002,2.8360000000000003,0.8120000000000012,0.6040000000000001,-1.42,1.3480000000000003,-0.3039999999999994,2.4640000000000004,-0.1399999999999999,-0.6760000000000002,2.0920000000000005,0.9760000000000004,-1.7919999999999998,0.2320000000000002,0.4974000000000002,-1.5941999999999998,-1.191,-2.3262,2.0256000000000003,-1.603,2.6606,-1.0,0.5688000000000003,-0.6933999999999998
Empoli,Roberto D'Aversa,Serie A,-0.2099999999999999,0.3269999999999999,1.7590000000000003,-0.7470000000000001,0.685,-0.389,1.222,0.1480000000000001,-1.105,1.043,-0.0309999999999996,-0.5679999999999998,0.5059999999999998,-0.926,1.0668,-0.3969000000000001,0.4629999999999999,2.7466,-0.4358000000000001,-2.1285,1.4392,-1.0675,-0.3384000000000001,-2.1788
Fiorentina,Raffaele Palladino,Serie A,-0.5599999999999996,1.3720000000000017,1.524000000000001,2.508,2.66,-1.2039999999999995,-0.4079999999999995,0.7279999999999998,1.2200000000000002,-1.0519999999999996,0.0840000000000014,-1.847999999999999,2.016,1.864,-0.8251999999999997,2.1116000000000006,-1.0319999999999998,-0.5773999999999999,1.5061999999999998,2.339,-1.1288,0.605,1.1826000000000003,1.3882000000000003
Genoa,Patrick Vieira,Serie A,1.4900000000000002,-0.9629999999999992,0.8290000000000006,-1.0570000000000004,0.7349999999999994,0.641,-1.718,-1.812,2.245,2.433,2.3390000000000004,-0.2079999999999993,-0.1140000000000007,-1.906,2.3408,1.2211,-0.6119999999999999,1.7045999999999997,-2.4748,-1.2585000000000002,-0.4248,-0.1375000000000001,-0.9203999999999998,0.8622000000000003
Hellas Verona,Paolo Zanetti,Serie A,-1.45,-1.285,-0.8449999999999998,-1.615,-1.1749999999999998,-1.505,-1.0099999999999998,-1.34,-1.725,-1.065,-1.395,-1.56,-1.23,-1.67,-1.659,1.6895000000000002,0.0150000000000001,-0.0779999999999998,-2.841,1.0724999999999998,-0.581,-1.9925,-2.028,1.0290000000000004
Inter Milan,Simone Inzaghi,Serie A,-0.02,0.5739999999999998,2.1580000000000004,-0.6140000000000001,0.9699999999999998,-0.2179999999999999,1.564,0.3759999999999999,-1.01,1.366,0.1779999999999999,-0.4159999999999999,0.7719999999999998,-0.812,-0.3483999999999999,-0.3628,-0.4990000000000001,-0.4858,-2.1396,0.3930000000000001,-0.3745999999999999,2.035,-0.6557999999999999,1.9744
Juventus,Thiago Motta,Serie A,-0.91,-0.5829999999999997,0.2890000000000001,-1.237,-0.3649999999999997,-1.019,-0.0379999999999998,-0.692,-1.455,-0.147,-0.8009999999999997,-1.128,-0.474,-1.346,-1.5872,0.9600999999999998,1.7630000000000003,1.2736000000000005,-0.9468,-1.7285,-0.9267999999999998,0.1075000000000001,0.9186000000000002,1.9702
Lazio,Marco Baroni,Serie A,-1.95,-0.4349999999999996,-1.3949999999999996,1.5349999999999997,0.5749999999999993,2.545,2.09,-0.9400000000000004,0.5249999999999999,1.584999999999999,-1.4449999999999994,2.04,0.0699999999999994,1.0299999999999998,1.986,-1.5504999999999998,0.715,2.717,-1.431,2.5075000000000003,1.8540000000000003,2.7325,2.6819999999999995,2.554
Lecce,Marco Giampaolo,Serie A,0.4800000000000004,2.724,-1.291999999999998,-1.7640000000000002,-0.7799999999999994,-0.2679999999999998,1.4640000000000004,1.9760000000000009,1.7400000000000002,0.7160000000000011,1.2280000000000015,-1.0159999999999991,-1.5280000000000005,2.4880000000000004,-1.6833999999999998,-1.6828,-1.5989999999999998,0.0741999999999998,1.2954000000000003,0.4929999999999999,2.6004,2.04,0.8542000000000001,1.9844
AC Milan,Sérgio Conceição,Serie A,-0.9500000000000002,0.8650000000000002,0.7050000000000001,2.2349999999999994,2.075,-1.5549999999999995,-1.1099999999999994,0.2599999999999998,1.025,-1.715,-0.3449999999999997,2.84,1.4699999999999989,1.63,-0.4989999999999999,1.1095000000000002,0.2099999999999998,-2.4279999999999995,-0.526,1.2524999999999995,1.429,-1.3475,0.5770000000000004,-0.406
Monza,Alessandro Nesta,Serie A,0.9299999999999996,-1.6910000000000007,-0.3470000000000013,-1.4490000000000007,-0.1050000000000004,0.1369999999999995,2.273999999999999,2.516,1.965,1.481,1.7230000000000008,-0.6559999999999997,-0.8980000000000015,2.758,-1.4844000000000004,-0.9373000000000004,0.5859999999999999,-0.0228000000000003,0.8413999999999999,1.0954999999999997,-1.2436,0.9574999999999996,0.5121999999999998,-1.8896
Napoli,Antonio Conte,Serie A,0.5499999999999998,1.315,-1.6450000000000005,-0.2150000000000003,1.825,0.2949999999999999,2.59,1.0599999999999996,-0.7250000000000001,2.335,0.8050000000000002,0.04,1.5699999999999994,-0.4700000000000002,-1.839,2.0295,1.1749999999999998,2.692,-0.361,-1.5825000000000002,0.8489999999999998,0.8025000000000001,1.4319999999999995,1.159
Parma,Cristian Chivu,Serie A,0.5899999999999999,1.367,-1.561,-0.1870000000000002,1.885,0.3309999999999999,2.662,1.1079999999999997,-0.7050000000000001,2.403,0.8490000000000002,0.072,1.6259999999999994,-0.4460000000000002,1.6878,0.9001000000000001,1.733,0.0585999999999999,-1.6668,-2.0235000000000003,0.5481999999999998,-0.9325,0.8285999999999998,1.5002
Roma,Claudio Ranieri,Serie A,2.34,-1.3579999999999997,2.1140000000000008,1.0379999999999998,-0.4900000000000002,1.906,0.8120000000000003,-1.7920000000000007,0.1699999999999999,0.3779999999999992,2.774,1.472,-0.9240000000000004,0.6039999999999996,1.4478,-2.2724,2.668,-2.1413999999999995,-1.2068000000000003,1.434,-1.3418000000000003,-1.2400000000000002,-0.4463999999999999,0.5451999999999998
Salernitana,Filippo Inzaghi,Serie A,1.71,2.8230000000000004,0.7910000000000004,0.597,-1.4350000000000005,1.339,-0.322,2.452,-0.145,-0.6930000000000005,2.0810000000000004,0.968,-1.806,0.2259999999999999,-0.7167999999999999,-1.5980999999999996,-1.568,-0.2016,2.0558,-0.5214999999999999,2.9658,0.5274999999999999,-2.4516,-0.7762
Torino,Paolo Vanoli,Serie A,-0.1900000000000004,1.853,2.301,2.7669999999999995,-1.785,-0.8710000000000004,0.2579999999999991,1.1719999999999988,1.4049999999999998,-0.4230000000000018,0.4910000000000005,-1.5519999999999996,2.533999999999999,2.0859999999999994,2.2602,-1.1041000000000003,0.0219999999999999,-1.8526000000000005,1.1287999999999996,2.3585,-1.1912000000000007,-0.5024999999999998,-2.2076,-0.2431999999999999
Udinese,Kosta Runjaić,Serie A,-1.37,0.3189999999999999,-0.1769999999999996,1.941,1.4450000000000005,-1.933,-1.866,-0.2440000000000006,0.815,2.571,-0.8069999999999995,2.5040000000000004,0.8819999999999997,1.3779999999999997,1.9996000000000005,1.2456999999999998,0.306,-2.7248,2.2224,0.5554999999999999,-1.2576,1.3125,-3.0398,-0.0085999999999999
Augsburg,Jess Thorup,Bundesliga,0.1499999999999999,0.7949999999999999,2.515,-0.4950000000000001,1.2249999999999996,-0.0649999999999999,1.87,0.5799999999999996,-0.925,1.6549999999999998,0.3650000000000002,-0.28,1.0099999999999998,-0.7100000000000002,0.188,0.8934999999999997,0.5799999999999998,-1.529,2.352,2.5175,2.442,-0.8975000000000002,-0.134,1.9670000000000003
Bayer Leverkusen,Xabi Alonso,Bundesliga,2.130000000000001,-0.1309999999999984,2.173000000000002,-0.609,1.6950000000000005,1.2170000000000003,-0.565999999999999,-1.0439999999999987,2.5650000000000004,-1.4789999999999992,-1.956999999999999,0.3040000000000011,0.782,-1.5219999999999994,-1.2603999999999995,0.8007000000000003,2.731,1.1052000000000002,-0.8025999999999993,-0.1545,1.7174000000000005,2.7325,2.2952000000000004,0.4214000000000003
Bayern Munich,Vincent Kompany,Bundesliga,-0.04,0.548,2.116,-0.6280000000000001,0.94,-0.236,1.528,0.3519999999999998,-1.02,1.332,0.1560000000000001,-0.4319999999999999,0.7439999999999998,-0.8240000000000001,0.4782000000000002,-1.2506,-2.458,1.5083999999999995,1.4308,2.676,1.3608000000000002,1.89,2.8984000000000005,-0.1711999999999999
Bochum,Peter Zeidler,Bundesliga,-0.5900000000000001,-0.167,0.961,-1.013,0.1149999999999997,-0.7310000000000001,0.5379999999999998,-0.308,-1.295,0.3969999999999998,-0.449,-0.8720000000000001,-0.0260000000000002,-1.154,1.4322,-1.4851,0.5220000000000001,-2.0086,0.9318000000000002,0.6634999999999999,-0.3032000000000001,0.4524999999999998,1.8864,-2.1652
Borussia Dortmund,Niko Kovač,Bundesliga,-0.54,-0.102,1.0659999999999998,-0.978,0.1899999999999999,-0.6859999999999999,0.6280000000000001,-0.248,-1.27,0.4819999999999997,-0.3939999999999999,-0.8320000000000001,0.044,-1.124,0.3282000000000001,-1.5306,1.162,2.4634000000000005,-0.5292000000000001,0.8509999999999999,2.3458,1.55,1.6234000000000002,-1.2012
Borussia Mönchengladbach,Gerardo Seoane,Bundesliga,1.7599999999999998,-0.6120000000000001,1.3960000000000008,-0.8680000000000003,1.1400000000000006,0.8840000000000003,-1.231999999999999,-1.488000000000001,2.38,2.8919999999999995,2.636000000000001,0.008,0.2639999999999993,-1.7440000000000009,1.9192,0.6614000000000002,2.757,0.6704000000000003,1.4797999999999996,-1.809,-0.1452000000000003,-1.4549999999999996,1.9104000000000003,1.4628
Eintracht Frankfurt,Dino Toppmöller,Bundesliga,2.6,0.4800000000000004,-1.84,-0.2800000000000002,2.3999999999999986,1.6400000000000006,0.2800000000000011,-0.4800000000000004,2.8,-0.6799999999999997,-1.4399999999999995,0.6799999999999997,1.4399999999999995,-1.2400000000000002,0.2869999999999997,-0.571,-0.975,2.1290000000000004,-2.5820000000000003,1.6799999999999995,1.4980000000000002,0.5499999999999994,1.4790000000000003,-1.2720000000000002
Freiburg,Julian Schuster,Bundesliga,2.01,-1.787,1.4209999999999994,0.8069999999999995,-0.9850000000000004,1.609,0.2179999999999999,2.8119999999999994,0.0049999999999998,-0.1830000000000007,2.4110000000000005,1.2080000000000002,-1.386000000000001,0.4059999999999997,0.0191999999999997,-2.8711,2.582,0.0804,0.8648,1.8885,3.6148,-2.9725,-1.6846,0.1028000000000002
Heidenheim,Frank Schmidt,Bundesliga,-0.1799999999999997,1.8660000000000008,2.322000000000001,2.774,-1.7699999999999996,-0.8619999999999992,0.2760000000000016,1.1839999999999993,1.41,-0.4060000000000006,0.5020000000000007,-1.5439999999999996,2.548,2.092,1.1794,2.3248,-0.4309999999999999,-1.1721999999999997,0.0985999999999997,3.072,-1.6514000000000002,-1.95,-2.177199999999999,0.2046000000000003
Hoffenheim,Christian Ilzer,Bundesliga,2.28,-1.435999999999999,1.988000000000001,0.996,-0.5800000000000001,1.8520000000000003,0.7040000000000006,-1.864,0.1400000000000001,0.2759999999999998,2.708000000000001,1.4240000000000004,-1.008,0.5680000000000001,-0.2373999999999997,-1.7457999999999996,2.781,1.1312000000000002,0.0644,-2.217,-1.0506000000000002,-2.08,2.1662000000000003,1.4884000000000004
Holstein Kiel,Marcel Rapp,Bundesliga,-1.92,-0.3959999999999999,-1.331999999999999,1.5559999999999996,0.6200000000000001,2.572,2.144,-0.904,0.54,1.6359999999999992,-1.411999999999999,2.064,0.1119999999999992,1.048,0.5786000000000004,-0.8338000000000001,1.4259999999999995,0.4781999999999999,1.4934000000000005,2.478,1.2534,2.1300000000000003,2.9582000000000006,1.0724
Mainz 05,Henriksen,Bundesliga,-0.1100000000000001,0.4569999999999998,1.969,-0.677,0.835,-0.2990000000000001,1.4019999999999997,0.2679999999999998,-1.0550000000000002,1.2129999999999996,0.0790000000000001,-0.488,0.6459999999999999,-0.8660000000000001,2.6338000000000004,0.1271000000000001,0.6529999999999998,1.9856000000000005,-1.9978,-1.7535,2.0672,0.9075000000000002,-1.8544,-0.4808
RB Leipzig,Zsolt Löw,Bundesliga,0.6000000000000001,1.3800000000000003,-1.5399999999999991,-0.1800000000000001,1.9000000000000004,0.3400000000000003,2.6800000000000006,1.12,-0.7,2.42,0.8600000000000003,0.08,1.6399999999999997,-0.4399999999999999,-1.978,-0.8759999999999999,-0.89,-1.1109999999999998,1.5779999999999998,2.45,-1.937,2.515000000000001,3.0390000000000006,1.853
St. Pauli,Alexander Blessin,Bundesliga,0.3799999999999999,1.094,2.998,-0.3340000000000001,1.5699999999999998,0.1419999999999999,2.284,0.8559999999999999,-0.81,2.046,0.6179999999999999,-0.096,1.332,-0.5720000000000001,0.3345999999999999,1.3532,1.461,0.2002,0.3424,1.958,1.0324,1.49,-0.6648000000000002,-0.8385999999999999
Stuttgart,Sebastian Hoeneß,Bundesliga,-1.1900000000000004,0.5529999999999999,0.2010000000000005,2.067,1.715,-1.771,-1.5419999999999998,-0.0280000000000004,0.9049999999999998,2.876999999999999,-0.609,2.648,1.1339999999999986,1.4859999999999998,1.9802000000000004,0.8059000000000001,-0.4580000000000003,-2.0976,1.4987999999999997,1.3134999999999994,0.3338,0.7424999999999998,-1.5876,2.8218
Union Berlin,Steffen Baumgart,Bundesliga,0.1899999999999999,0.847,2.599,-0.4670000000000001,1.285,-0.0289999999999999,1.942,0.6279999999999997,-0.905,1.723,0.4090000000000002,-0.248,1.0659999999999998,-0.6860000000000002,1.5497999999999998,-2.2009,-1.497,1.4326,-1.3588,0.8164999999999998,-2.0988,1.3825000000000005,0.3175999999999999,-1.4618
Werder Bremen,Ole Werner,Bundesliga,1.3200000000000005,-1.1839999999999993,0.4720000000000013,-1.1760000000000002,0.4800000000000004,0.4880000000000004,2.976000000000001,2.984,2.16,2.144,2.152000000000001,-0.3439999999999994,-0.3520000000000003,2.992,-1.5055999999999998,-2.2502,-1.7159999999999995,2.4028,0.6086,-1.168,3.1786000000000003,2.625,2.4178000000000006,2.1646000000000005
Wolfsburg,Ralph Hasenhüttl,Bundesliga,0.1799999999999997,2.334,-1.9220000000000008,-1.974,-1.2300000000000004,-0.5380000000000003,0.9239999999999996,1.6159999999999997,1.59,0.2059999999999995,0.8980000000000006,-1.2560000000000002,-1.9480000000000004,2.308,-2.1244,1.0652000000000004,-0.6940000000000001,-0.9878,-0.9786,1.428,0.2763999999999997,0.6549999999999998,-1.1478000000000002,-2.2596
Angers,Alexandre Dujeux,Ligue 1,-1.57,-1.4409999999999998,-1.097,-1.699,-1.355,-1.613,-1.226,-1.484,-1.785,-1.269,-1.527,-1.656,-1.398,-1.742,1.2905999999999995,-2.8723,-0.484,-1.7278,0.7814,-2.7395,1.8714,-2.1125,-2.3728,-2.1446
Auxerre,Christophe Pélissier,Ligue 1,-0.2800000000000002,1.7360000000000009,2.112,2.704,-1.92,-0.952,0.096,1.064,1.36,-0.5760000000000005,0.3920000000000003,-1.6239999999999997,2.4079999999999995,2.032,0.7124000000000001,-1.4191999999999996,1.7839999999999998,1.7188000000000003,-1.7594,-0.403,-1.8894,-3.15,-1.4512,0.2216000000000002
Brest,Éric Roy,Ligue 1,-1.97,-0.4609999999999994,-1.4369999999999994,1.521,0.5449999999999999,2.527,2.0540000000000003,-0.9639999999999996,0.5150000000000001,1.5510000000000002,-1.4669999999999996,2.024,0.0419999999999998,1.0180000000000002,0.6326,-2.4582999999999995,0.8859999999999998,0.9962,-0.1655999999999997,0.4005000000000001,1.2894,1.7824999999999998,-1.1238,0.6683999999999999
Clermont Foot,Pascal Gastien,Ligue 1,-0.01,0.5870000000000002,2.1790000000000003,-0.607,0.985,-0.209,1.582,0.3879999999999999,-1.005,1.383,0.189,-0.4079999999999999,0.786,-0.806,1.6158,0.3411,0.0530000000000001,2.6396,1.9052,0.3615,-1.1548,-0.9775,1.3346,-2.6078
Le Havre,Didier Digard,Ligue 1,-1.67,-1.571,-1.307,-1.769,-1.505,-1.7029999999999998,-1.406,-1.604,-1.835,-1.439,-1.637,-1.736,-1.538,-1.802,-2.3914,0.3837,-0.1339999999999998,1.9182,-0.2016000000000001,0.4104999999999999,1.3783999999999996,-0.7875000000000001,-1.8418,-3.0976
Lens,Will Still,Ligue 1,2.09,-1.6829999999999998,1.5890000000000004,0.8629999999999995,-0.8650000000000002,1.681,0.3620000000000001,2.9079999999999995,0.0449999999999999,-0.0470000000000006,2.499000000000001,1.2720000000000002,-1.274000000000001,0.4539999999999997,1.7278000000000002,1.3351,0.373,1.2686000000000002,0.4931999999999998,-1.2485000000000002,0.0831999999999997,-2.9125,2.5586,-0.5597999999999999
Lille,Bruno Génésio,Ligue 1,0.0499999999999998,0.665,2.305,-0.5650000000000002,1.0749999999999995,-0.155,1.69,0.4599999999999995,-0.975,1.4849999999999994,0.2549999999999999,-0.3600000000000001,0.8699999999999997,-0.7700000000000002,2.3210000000000006,1.6645,1.885,0.3269999999999998,-0.6210000000000001,2.2225,1.8689999999999996,-1.0225000000000004,0.7619999999999999,-1.526
Lyon,Paulo Fonseca,Ligue 1,2.74,0.6620000000000008,-1.5459999999999994,-0.1820000000000003,2.6099999999999994,1.766,0.532,-0.3119999999999994,2.87,-0.4420000000000001,-1.2859999999999996,0.7920000000000007,1.6359999999999992,-1.1559999999999997,0.0107999999999999,-0.1663999999999999,2.228,0.9746,-2.5647999999999995,2.4689999999999994,-0.7597999999999998,0.1249999999999997,0.3246,2.0722
Marseille,Roberto De Zerbi,Ligue 1,2.960000000000001,0.9480000000000022,-1.083999999999996,-0.0279999999999995,2.9400000000000013,1.9640000000000004,0.9280000000000008,-0.048,2.9800000000000004,-0.0679999999999978,-1.0439999999999987,0.9680000000000007,1.9440000000000008,-1.024,1.9582000000000008,-1.445599999999999,0.2170000000000002,2.6984000000000004,0.5107999999999998,1.0260000000000002,0.6808000000000002,1.4100000000000006,0.7584000000000002,0.5088000000000001
Metz,László Bölöni,Ligue 1,0.3900000000000001,1.1070000000000002,-1.981,-0.3269999999999999,1.585,0.1510000000000002,2.3020000000000005,0.8679999999999999,-0.8049999999999999,2.063,0.6290000000000004,-0.0879999999999998,1.346,-0.5660000000000001,-1.7612,2.7571,0.708,2.3456,-0.1828,-0.2535,2.5072,-0.8825000000000001,2.4006,0.8091999999999999
Monaco,Adi Hütter,Ligue 1,-1.72,-1.636,-1.412,-1.804,-1.58,-1.748,-1.496,-1.664,-1.86,-1.524,-1.692,-1.776,-1.608,-1.832,-0.1873999999999998,-2.5158,1.151,1.3262000000000005,-2.7806,-1.277,1.7243999999999997,1.2800000000000002,-2.7688,-0.4066000000000001
Montpellier,Jean-Louis Gasset,Ligue 1,2.99,-0.5129999999999999,-1.520999999999999,1.493,0.4850000000000003,2.4910000000000005,1.982000000000001,-1.0119999999999996,0.4950000000000001,1.4830000000000003,-1.5109999999999992,1.9920000000000004,-0.0140000000000002,0.9940000000000002,1.4058000000000002,0.4810999999999998,-0.827,0.1046000000000001,1.1452,2.3715,-0.3697999999999997,-0.4824999999999999,3.0496000000000003,1.1722
Nantes,Antoine Kombouaré,Ligue 1,1.06,1.978,-0.5739999999999998,0.1419999999999999,2.59,0.754,-1.492,1.6719999999999997,-0.47,-1.798,1.3660000000000003,0.4480000000000004,2.284,-0.1640000000000001,-0.2098000000000001,-0.9316,-2.153,-2.8526,1.0288,2.991,-1.0912000000000002,0.835,1.5673999999999997,1.5618
Nice,Franck Haise,Ligue 1,0.7999999999999998,-1.86,-0.620000000000001,-1.54,-0.3000000000000007,0.0199999999999995,2.039999999999999,2.3599999999999994,1.9,1.2599999999999998,1.58,-0.7599999999999998,-1.08,2.68,0.241,0.1870000000000002,0.0399999999999998,-0.0580000000000001,1.809,0.94,3.374,0.8899999999999997,-1.4080000000000004,-2.266
Paris Saint-Germain,Luis Enrique,Ligue 1,-0.8999999999999999,-0.5699999999999998,0.3100000000000005,-1.23,-0.3499999999999998,-1.0099999999999998,-0.0199999999999997,-0.6799999999999999,-1.45,-0.1299999999999999,-0.7899999999999998,-1.12,-0.4599999999999999,-1.34,-2.388,1.304,-1.86,-2.066,-0.477,-1.54,-0.2519999999999999,1.6900000000000004,-1.281,0.083
Reims,Habib Beye,Ligue 1,1.16,2.1080000000000005,-0.363999999999999,0.2119999999999997,2.74,0.8440000000000003,-1.3119999999999994,1.7919999999999998,-0.4199999999999999,-1.628,1.4760000000000004,0.5280000000000005,2.4239999999999995,-0.104,1.8222,0.1274000000000003,-0.908,1.2464,0.2118000000000001,2.606,0.5167999999999998,1.67,-1.7135999999999998,1.1448
Rennes,Eirik Horneland,Ligue 1,2.539999999999999,0.4019999999999992,-1.966000000000001,-0.3220000000000009,2.3099999999999987,1.5860000000000003,0.1720000000000006,-0.5520000000000014,2.77,-0.7820000000000036,-1.5060000000000002,0.6319999999999997,1.355999999999998,-1.2760000000000007,-1.5082000000000002,-1.0794,0.858,-0.1233999999999996,-0.2908000000000004,0.8739999999999997,-0.3108000000000004,0.5599999999999994,-0.6483999999999998,1.4711999999999998
Strasbourg,Liam Rosenior,Ligue 1,0.9900000000000002,1.8870000000000005,-0.7209999999999992,0.0929999999999999,2.4850000000000003,0.6910000000000003,-1.6179999999999994,1.588,-0.5049999999999999,-1.917,1.2890000000000006,0.3920000000000003,2.186,-0.2059999999999999,0.0758000000000003,2.5511000000000004,-2.272,1.4746,2.8752000000000004,-1.4185,0.5702000000000002,-0.1974999999999998,-2.9504,-2.0228
Toulouse,Carles Martínez Novell,Ligue 1,-1.4500000000000002,0.2149999999999998,-0.3450000000000006,1.885,1.3249999999999993,2.995,2.99,-0.3400000000000007,0.7749999999999999,2.4349999999999987,-0.8949999999999996,2.4400000000000004,0.7699999999999996,1.3299999999999996,-2.009,-0.5055000000000002,0.7949999999999999,2.632000000000001,0.7739999999999998,2.4525,0.1039999999999999,2.6225,-0.383,-0.3759999999999999
Saint-Étienne,Laurent Batlles,Ligue 1,1.99,-0.3129999999999988,1.879000000000001,-0.7069999999999999,1.4849999999999994,1.091000000000001,-0.8179999999999978,-1.2119999999999995,2.495,-1.7170000000000003,2.889000000000001,0.1920000000000001,0.5860000000000003,-1.606,-0.5791999999999998,-2.4239,-0.947,-0.2703999999999992,-1.6747999999999998,0.4664999999999999,-0.7547999999999999,2.7775,-2.600399999999999,-1.9378
